{"_timestamp": 1602807094.2594907, "_runtime": 51.291266441345215, "_step": 36, "iteration_loss": 1.0821765065193176, "epoch_loss": 1.178252884083324, "epoch_score": 0.35941094491216874}
