{"_timestamp": 1602927947.4917042, "iteration_loss": 1.0946176201105118, "_step": 5, "_runtime": 19.281533241271973}
